Store,Date,Weekly_Sales,Holiday_Flag,Temperature,Fuel_Price,CPI,Unemployment
1,05-02-2010,1643690.9,0,42.31,2.572,211.0963582,8.106
1,12-02-2010,1641957.44,1,38.51,2.548,211.2421698,8.106
1,19-02-2010,1611968.17,0,39.93,2.514,211.2891429,8.106
1,26-02-2010,1409727.59,0,46.63,2.561,211.3196429,8.106
1,05-03-2010,1554806.68,0,46.5,2.625,211.3501429,8.106
1,12-03-2010,1439541.59,0,57.79,2.667,211.3806429,8.106
1,19-03-2010,1472515.79,0,54.58,2.72,211.215635,8.106
1,26-03-2010,1404429.92,0,51.45,2.732,211.0180424,8.106
1,02-04-2010,1594968.28,0,62.27,2.719,210.8204499,7.808
1,09-04-2010,1545418.53,0,65.86,2.77,210.6228574,7.808
1,16-04-2010,1466058.28,0,66.32,2.808,210.4887,7.808
1,23-04-2010,1391256.12,0,64.84,2.795,210.4391228,7.808
1,30-04-2010,1425100.71,0,67.41,2.78,210.3895456,7.808
1,07-05-2010,1603955.12,0,72.55,2.835,210.3399684,7.808
1,14-05-2010,1494251.5,0,74.78,2.854,210.3374261,7.808
1,21-05-2010,1399662.07,0,76.44,2.826,210.6170934,7.808
1,28-05-2010,1432069.95,0,80.44,2.759,210.8967606,7.808
1,04-06-2010,1615524.71,0,80.69,2.705,211.1764278,7.808
1,11-06-2010,1542561.09,0,80.43,2.668,211.4560951,7.808
1,18-06-2010,1503284.06,0,84.11,2.637,211.4537719,7.808
1,25-06-2010,1422711.6,0,84.34,2.653,211.3386526,7.808
1,02-07-2010,1492418.14,0,80.91,2.669,211.2235333,7.787
1,09-07-2010,1546074.18,0,80.48,2.642,211.108414,7.787
1,16-07-2010,1448938.92,0,83.15,2.623,211.1003854,7.787
1,23-07-2010,1385065.2,0,83.36,2.608,211.2351443,7.787
1,30-07-2010,1371986.6,0,81.84,2.64,211.3699032,7.787
1,06-08-2010,1605491.78,0,87.16,2.627,211.5046621,7.787
1,13-08-2010,1508237.76,0,87,2.692,211.6394211,7.787
1,20-08-2010,1513080.49,0,86.65,2.664,211.6033633,7.787
1,27-08-2010,1449142.92,0,85.22,2.619,211.5673056,7.787
1,03-09-2010,1540163.53,0,81.21,2.577,211.5312479,7.787
1,10-09-2010,1507460.69,1,78.69,2.565,211.4951902,7.787
1,17-09-2010,1430378.67,0,82.11,2.582,211.5224596,7.787
1,24-09-2010,1351791.03,0,80.94,2.624,211.5972246,7.787
1,01-10-2010,1453329.5,0,71.89,2.603,211.6719895,7.838
1,08-10-2010,1508239.93,0,63.93,2.633,211.7467544,7.838
1,15-10-2010,1459409.1,0,67.18,2.72,211.8137436,7.838
1,22-10-2010,1345454,0,69.86,2.725,211.8612937,7.838
1,29-10-2010,1384209.22,0,69.64,2.716,211.9088438,7.838
1,05-11-2010,1551659.28,0,58.74,2.689,211.9563939,7.838
1,12-11-2010,1494479.49,0,59.61,2.728,212.003944,7.838
1,19-11-2010,1483784.18,0,51.41,2.771,211.8896737,7.838
1,26-11-2010,1955624.11,1,64.52,2.735,211.7484333,7.838
1,03-12-2010,1548033.78,0,49.27,2.708,211.607193,7.838
1,10-12-2010,1682614.26,0,46.33,2.843,211.4659526,7.838
1,17-12-2010,1891034.93,0,49.84,2.869,211.4053124,7.838
1,24-12-2010,2387950.2,0,52.33,2.886,211.4051222,7.838
1,31-12-2010,1367320.01,1,48.43,2.943,211.4049321,7.838
1,07-01-2011,1444732.28,0,48.27,2.976,211.4047419,7.742
1,14-01-2011,1391013.96,0,35.4,2.983,211.4574109,7.742
1,21-01-2011,1327405.42,0,44.04,3.016,211.8272343,7.742
1,28-01-2011,1316899.31,0,43.83,3.01,212.1970577,7.742
1,04-02-2011,1606629.58,0,42.27,2.989,212.5668812,7.742
1,11-02-2011,1649614.93,1,36.39,3.022,212.9367046,7.742
1,18-02-2011,1686842.78,0,57.36,3.045,213.2478853,7.742
1,25-02-2011,1456800.28,0,62.9,3.065,213.535609,7.742
1,04-03-2011,1636263.41,0,59.58,3.288,213.8233327,7.742
1,11-03-2011,1553191.63,0,53.56,3.459,214.1110564,7.742
1,18-03-2011,1576818.06,0,62.76,3.488,214.3627114,7.742
1,25-03-2011,1541102.38,0,69.97,3.473,214.5999389,7.742
1,01-04-2011,1495064.75,0,59.17,3.524,214.8371664,7.682
1,08-04-2011,1614259.35,0,67.84,3.622,215.0743939,7.682
1,15-04-2011,1559889,0,71.27,3.743,215.2918561,7.682
1,22-04-2011,1564819.81,0,72.99,3.807,215.4599053,7.682
1,29-04-2011,1455090.69,0,72.03,3.81,215.6279544,7.682
1,06-05-2011,1629391.28,0,64.61,3.906,215.7960035,7.682
1,13-05-2011,1604775.58,0,75.64,3.899,215.9640526,7.682
1,20-05-2011,1428218.27,0,67.63,3.907,215.7339202,7.682
1,27-05-2011,1466046.67,0,77.72,3.786,215.5037878,7.682
1,03-06-2011,1635078.41,0,83,3.699,215.2736553,7.682
1,10-06-2011,1588948.32,0,83.13,3.648,215.0435229,7.682
1,17-06-2011,1532114.86,0,86.41,3.637,214.9980596,7.682
1,24-06-2011,1438830.15,0,83.58,3.594,215.0910982,7.682
1,01-07-2011,1488538.09,0,85.55,3.524,215.1841368,7.962
1,08-07-2011,1534849.64,0,85.83,3.48,215.2771754,7.962
1,15-07-2011,1455119.97,0,88.54,3.575,215.3611087,7.962
1,22-07-2011,1396926.82,0,85.77,3.651,215.4222784,7.962
1,29-07-2011,1352219.79,0,86.83,3.682,215.4834482,7.962
1,05-08-2011,1624383.75,0,91.65,3.684,215.544618,7.962
1,12-08-2011,1525147.09,0,90.76,3.638,215.6057878,7.962
1,19-08-2011,1530761.43,0,89.94,3.554,215.6693107,7.962
1,26-08-2011,1464693.46,0,87.96,3.523,215.7332258,7.962
1,02-09-2011,1550229.22,0,87.83,3.533,215.7971409,7.962
1,09-09-2011,1540471.24,1,76,3.546,215.861056,7.962
1,16-09-2011,1514259.78,0,79.94,3.526,216.0410526,7.962
1,23-09-2011,1380020.27,0,75.8,3.467,216.3758246,7.962
1,30-09-2011,1394561.83,0,79.69,3.355,216.7105965,7.962
1,07-10-2011,1630989.95,0,69.31,3.285,217.0453684,7.866
1,14-10-2011,1493525.93,0,71.74,3.274,217.3552733,7.866
1,21-10-2011,1502562.78,0,63.71,3.353,217.5159762,7.866
1,28-10-2011,1445249.09,0,66.57,3.372,217.6766791,7.866
1,04-11-2011,1697229.58,0,54.98,3.332,217.837382,7.866
1,11-11-2011,1594938.89,0,59.11,3.297,217.9980849,7.866
1,18-11-2011,1539483.7,0,62.25,3.308,218.2205088,7.866
1,25-11-2011,2033320.66,1,60.14,3.236,218.4676211,7.866
1,02-12-2011,1584083.95,0,48.91,3.172,218.7147333,7.866
1,09-12-2011,1799682.38,0,43.93,3.158,218.9618456,7.866
1,16-12-2011,1881176.67,0,51.63,3.159,219.1794533,7.866
1,23-12-2011,2270188.99,0,47.96,3.112,219.3577216,7.866
1,30-12-2011,1497462.72,1,44.55,3.129,219.5359898,7.866
1,06-01-2012,1550369.92,0,49.01,3.157,219.7142581,7.348
1,13-01-2012,1459601.17,0,48.53,3.261,219.8925263,7.348
1,20-01-2012,1394393.84,0,54.11,3.268,219.9856893,7.348
1,27-01-2012,1319325.59,0,54.26,3.29,220.0788523,7.348
1,03-02-2012,1636339.65,0,56.55,3.36,220.1720153,7.348
1,10-02-2012,1802477.43,1,48.02,3.409,220.2651783,7.348
1,17-02-2012,1819870,0,45.32,3.51,220.4257586,7.348
1,24-02-2012,1539387.83,0,57.25,3.555,220.636902,7.348
1,02-03-2012,1688420.76,0,60.96,3.63,220.8480454,7.348
1,09-03-2012,1675431.16,0,58.76,3.669,221.0591887,7.348
1,16-03-2012,1677472.78,0,64.74,3.734,221.2118132,7.348
1,23-03-2012,1511068.07,0,65.93,3.787,221.2864126,7.348
1,30-03-2012,1649604.63,0,67.61,3.845,221.3610119,7.348
1,06-04-2012,1899676.88,0,70.43,3.891,221.4356112,7.143
1,13-04-2012,1621031.7,0,69.07,3.891,221.5102105,7.143
1,20-04-2012,1521577.87,0,66.76,3.877,221.5640737,7.143
1,27-04-2012,1468928.37,0,67.23,3.814,221.6179368,7.143
1,04-05-2012,1684519.99,0,75.55,3.749,221.6718,7.143
1,11-05-2012,1611096.05,0,73.77,3.688,221.7256632,7.143
1,18-05-2012,1595901.87,0,70.33,3.63,221.742674,7.143
1,25-05-2012,1555444.55,0,77.22,3.561,221.744944,7.143
1,01-06-2012,1624477.58,0,77.95,3.501,221.7472139,7.143
1,08-06-2012,1697230.96,0,78.3,3.452,221.7494839,7.143
1,15-06-2012,1630607,0,79.35,3.393,221.7626421,7.143
1,22-06-2012,1527845.81,0,78.39,3.346,221.8030211,7.143
1,29-06-2012,1540421.49,0,84.88,3.286,221.8434,7.143
1,06-07-2012,1769854.16,0,81.57,3.227,221.8837789,6.908
1,13-07-2012,1527014.04,0,77.12,3.256,221.9241579,6.908
1,20-07-2012,1497954.76,0,80.42,3.311,221.9327267,6.908
1,27-07-2012,1439123.71,0,82.66,3.407,221.9412954,6.908
1,03-08-2012,1631135.79,0,86.11,3.417,221.9498642,6.908
1,10-08-2012,1592409.97,0,85.05,3.494,221.9584329,6.908
1,17-08-2012,1597868.05,0,84.85,3.571,222.0384109,6.908
1,24-08-2012,1494122.38,0,77.66,3.62,222.1719457,6.908
1,31-08-2012,1582083.4,0,80.49,3.638,222.3054805,6.908
1,07-09-2012,1661767.33,1,83.96,3.73,222.4390153,6.908
1,14-09-2012,1517428.87,0,74.97,3.717,222.5820193,6.908
1,21-09-2012,1506126.06,0,69.87,3.721,222.7818386,6.908
1,28-09-2012,1437059.26,0,76.08,3.666,222.9816579,6.908
1,05-10-2012,1670785.97,0,68.55,3.617,223.1814772,6.573
1,12-10-2012,1573072.81,0,62.99,3.601,223.3812965,6.573
1,19-10-2012,1508068.77,0,67.97,3.594,223.4257233,6.573
1,26-10-2012,1493659.74,0,69.16,3.506,223.4442513,6.573
2,05-02-2010,2136989.46,0,40.19,2.572,210.7526053,8.324
2,12-02-2010,2137809.5,1,38.49,2.548,210.8979935,8.324
2,19-02-2010,2124451.54,0,39.69,2.514,210.9451605,8.324
2,26-02-2010,1865097.27,0,46.1,2.561,210.9759573,8.324
2,05-03-2010,1991013.13,0,47.17,2.625,211.0067542,8.324
2,12-03-2010,1990483.78,0,57.56,2.667,211.037551,8.324
2,19-03-2010,1946070.88,0,54.52,2.72,210.8733316,8.324
2,26-03-2010,1750197.81,0,51.26,2.732,210.6766095,8.324
2,02-04-2010,2066187.72,0,63.27,2.719,210.4798874,8.2
2,09-04-2010,1954689.21,0,65.41,2.77,210.2831653,8.2
2,16-04-2010,1874957.94,0,68.07,2.808,210.1495463,8.2
2,23-04-2010,1821990.93,0,65.11,2.795,210.1000648,8.2
2,30-04-2010,1802450.29,0,66.98,2.78,210.0505833,8.2
2,07-05-2010,2042581.71,0,71.28,2.835,210.0011018,8.2
2,14-05-2010,1880752.36,0,73.31,2.854,209.9984585,8.2
2,21-05-2010,1896937.1,0,74.83,2.826,210.2768443,8.2
2,28-05-2010,1957113.89,0,81.13,2.759,210.5552301,8.2
2,04-06-2010,2102539.93,0,81.81,2.705,210.833616,8.2
2,11-06-2010,2025538.76,0,83.4,2.668,211.1120018,8.2
2,18-06-2010,2001636.96,0,85.81,2.637,211.1096543,8.2
2,25-06-2010,1939927.09,0,86.26,2.653,210.9950134,8.2
2,02-07-2010,2003940.64,0,82.74,2.669,210.8803726,8.099
2,09-07-2010,1880902.62,0,82.59,2.642,210.7657317,8.099
2,16-07-2010,1845879.79,0,85.32,2.623,210.7577954,8.099
2,23-07-2010,1781717.71,0,87.66,2.608,210.8921319,8.099
2,30-07-2010,1804246.16,0,83.49,2.64,211.0264684,8.099
2,06-08-2010,1991909.98,0,89.53,2.627,211.1608049,8.099
2,13-08-2010,1895601.05,0,89.05,2.692,211.2951413,8.099
2,20-08-2010,1964335.23,0,88.7,2.664,211.2596586,8.099
2,27-08-2010,1863840.49,0,87.12,2.619,211.2241759,8.099
2,03-09-2010,1904608.09,0,81.83,2.577,211.1886931,8.099
2,10-09-2010,1839128.83,1,79.09,2.565,211.1532104,8.099
2,17-09-2010,1793903.6,0,82.05,2.582,211.1806415,8.099
2,24-09-2010,1724557.22,0,81.79,2.624,211.2552578,8.099
2,01-10-2010,1827440.43,0,69.24,2.603,211.3298742,8.163
2,08-10-2010,1849921.44,0,63.19,2.633,211.4044906,8.163
2,15-10-2010,1794355.49,0,65.8,2.72,211.4713286,8.163
2,22-10-2010,1737947.64,0,68.5,2.725,211.5187208,8.163
2,29-10-2010,1802755.11,0,66.24,2.716,211.5661131,8.163
2,05-11-2010,1939061.41,0,57.85,2.689,211.6135053,8.163
2,12-11-2010,1916812.74,0,59.69,2.728,211.6608975,8.163
2,19-11-2010,1956739.17,0,50.81,2.771,211.5470304,8.163
2,26-11-2010,2658725.29,1,62.98,2.735,211.4062867,8.163
2,03-12-2010,2015781.27,0,49.33,2.708,211.265543,8.163
2,10-12-2010,2378726.55,0,45.5,2.843,211.1247993,8.163
2,17-12-2010,2609166.75,0,47.55,2.869,211.0645458,8.163
2,24-12-2010,3436007.68,0,49.97,2.886,211.0646599,8.163
2,31-12-2010,1750434.55,1,47.3,2.943,211.064774,8.163
2,07-01-2011,1758050.79,0,44.69,2.976,211.0648881,8.028
2,14-01-2011,1744193.58,0,33.02,2.983,211.1176713,8.028
2,21-01-2011,1751384.9,0,41.4,3.016,211.4864691,8.028
2,28-01-2011,1695371.68,0,42.83,3.01,211.8552668,8.028
2,04-02-2011,1929346.23,0,38.25,2.989,212.2240646,8.028
2,11-02-2011,2168041.61,1,33.19,3.022,212.5928624,8.028
2,18-02-2011,2080884.82,0,57.83,3.045,212.9033115,8.028
2,25-02-2011,1833511.08,0,60.8,3.065,213.190421,8.028
2,04-03-2011,1981607.78,0,57.77,3.288,213.4775305,8.028
2,11-03-2011,1879107.31,0,52.7,3.459,213.7646401,8.028
2,18-03-2011,1902557.66,0,62.32,3.488,214.0156238,8.028
2,25-03-2011,1766162.05,0,69.42,3.473,214.2521573,8.028
2,01-04-2011,1800171.36,0,55.43,3.524,214.4886908,7.931
2,08-04-2011,1847552.61,0,67,3.622,214.7252242,7.931
2,15-04-2011,1856467.84,0,69.48,3.743,214.9420631,7.931
2,22-04-2011,1886339.6,0,69.39,3.807,215.1096657,7.931
2,29-04-2011,1745545.28,0,69.21,3.81,215.2772683,7.931
2,06-05-2011,1837743.6,0,61.48,3.906,215.4448709,7.931
2,13-05-2011,1838513.07,0,74.61,3.899,215.6124735,7.931
2,20-05-2011,1688281.86,0,67.14,3.907,215.3834778,7.931
2,27-05-2011,1797732.56,0,76.42,3.786,215.1544822,7.931
2,03-06-2011,1933756.21,0,83.07,3.699,214.9254865,7.931
2,10-06-2011,1929153.16,0,83.4,3.648,214.6964908,7.931
2,17-06-2011,1953771.99,0,86.53,3.637,214.6513538,7.931
2,24-06-2011,1790925.8,0,85.17,3.594,214.7441108,7.931
2,01-07-2011,1866243,0,85.69,3.524,214.8368678,7.852
2,08-07-2011,1853161.99,0,87.7,3.48,214.9296249,7.852
2,15-07-2011,1785187.29,0,89.83,3.575,215.0134426,7.852
2,22-07-2011,1743816.41,0,89.34,3.651,215.0749122,7.852
2,29-07-2011,1680693.06,0,90.07,3.682,215.1363819,7.852
2,05-08-2011,1876704.26,0,93.34,3.684,215.1978515,7.852
2,12-08-2011,1812768.26,0,91.58,3.638,215.2593211,7.852
2,19-08-2011,1844094.59,0,89.86,3.554,215.3229307,7.852
2,26-08-2011,1821139.91,0,90.45,3.523,215.386897,7.852
2,02-09-2011,1809119.7,0,89.64,3.533,215.4508632,7.852
2,09-09-2011,1748000.65,1,77.97,3.546,215.5148295,7.852
2,16-09-2011,1691439.52,0,78.85,3.526,215.6944378,7.852
2,23-09-2011,1669299.78,0,75.58,3.467,216.0282356,7.852
2,30-09-2011,1650394.44,0,78.14,3.355,216.3620333,7.852
2,07-10-2011,1837553.43,0,69.92,3.285,216.6958311,7.441
2,14-10-2011,1743882.19,0,71.67,3.274,217.0048261,7.441
2,21-10-2011,1834680.25,0,64.53,3.353,217.1650042,7.441
2,28-10-2011,1769296.25,0,65.87,3.372,217.3251824,7.441
2,04-11-2011,1959707.9,0,55.53,3.332,217.4853605,7.441
2,11-11-2011,1920725.15,0,59.33,3.297,217.6455387,7.441
2,18-11-2011,1902762.5,0,62.01,3.308,217.8670218,7.441
2,25-11-2011,2614202.3,1,56.36,3.236,218.1130269,7.441
2,02-12-2011,1954952,0,48.74,3.172,218.3590319,7.441
2,09-12-2011,2290549.32,0,41.76,3.158,218.605037,7.441
2,16-12-2011,2432736.52,0,50.13,3.159,218.8217928,7.441
2,23-12-2011,3224369.8,0,46.66,3.112,218.9995495,7.441
2,30-12-2011,1874226.52,1,44.57,3.129,219.1773063,7.441
2,06-01-2012,1799520.14,0,46.75,3.157,219.355063,7.057
2,13-01-2012,1744725.48,0,45.99,3.261,219.5328198,7.057
2,20-01-2012,1711769.11,0,51.7,3.268,219.6258417,7.057
2,27-01-2012,1660906.14,0,50.5,3.29,219.7188636,7.057
2,03-02-2012,1935299.94,0,55.21,3.36,219.8118854,7.057
2,10-02-2012,2103322.68,1,46.98,3.409,219.9049073,7.057
2,17-02-2012,2196688.46,0,43.82,3.51,220.0651993,7.057
2,24-02-2012,1861802.7,0,54.63,3.555,220.275944,7.057
2,02-03-2012,1952555.66,0,58.79,3.63,220.4866886,7.057
2,09-03-2012,1937628.26,0,57.11,3.669,220.6974332,7.057
2,16-03-2012,1976082.13,0,63.68,3.734,220.8498468,7.057
2,23-03-2012,1790439.16,0,64.01,3.787,220.9244858,7.057
2,30-03-2012,1857480.84,0,66.83,3.845,220.9991248,7.057
2,06-04-2012,2129035.91,0,68.43,3.891,221.0737638,6.891
2,13-04-2012,1935869.1,0,68.08,3.891,221.1484028,6.891
2,20-04-2012,1847344.45,0,65.69,3.877,221.2021074,6.891
2,27-04-2012,1764133.09,0,67.2,3.814,221.255812,6.891
2,04-05-2012,1923957.09,0,76.73,3.749,221.3095166,6.891
2,11-05-2012,1917520.99,0,73.87,3.688,221.3632212,6.891
2,18-05-2012,2000940.67,0,71.27,3.63,221.380331,6.891
2,25-05-2012,1912791.09,0,78.19,3.561,221.3828029,6.891
2,01-06-2012,1910092.37,0,78.38,3.501,221.3852748,6.891
2,08-06-2012,2010216.49,0,78.69,3.452,221.3877467,6.891
2,15-06-2012,1962924.3,0,80.56,3.393,221.4009901,6.891
2,22-06-2012,1887733.21,0,81.04,3.346,221.4411622,6.891
2,29-06-2012,1881046.12,0,86.32,3.286,221.4813343,6.891
2,06-07-2012,2041507.4,0,84.2,3.227,221.5215064,6.565
2,13-07-2012,1830075.13,0,80.17,3.256,221.5616784,6.565
2,20-07-2012,1819666.46,0,83.23,3.311,221.5701123,6.565
2,27-07-2012,1757923.88,0,86.37,3.407,221.5785461,6.565
2,03-08-2012,1946104.64,0,90.22,3.417,221.5869799,6.565
2,10-08-2012,1866719.96,0,88.55,3.494,221.5954138,6.565
2,17-08-2012,1928016.01,0,84.79,3.571,221.6751459,6.565
2,24-08-2012,1876788.15,0,76.91,3.62,221.8083518,6.565
2,31-08-2012,1947083.3,0,82.64,3.638,221.9415576,6.565
2,07-09-2012,1898777.07,1,87.65,3.73,222.0747635,6.565
2,14-09-2012,1814806.63,0,75.88,3.717,222.2174395,6.565
2,21-09-2012,1829415.67,0,71.09,3.721,222.4169362,6.565
2,28-09-2012,1746470.56,0,79.45,3.666,222.6164329,6.565
2,05-10-2012,1998321.04,0,70.27,3.617,222.8159296,6.17
2,12-10-2012,1900745.13,0,60.97,3.601,223.0154263,6.17
2,19-10-2012,1847990.41,0,68.08,3.594,223.0598077,6.17
2,26-10-2012,1834458.35,0,69.79,3.506,223.0783366,6.17
3,05-02-2010,461622.22,0,45.71,2.572,214.4248812,7.368
3,12-02-2010,420728.96,1,47.93,2.548,214.5747916,7.368
3,19-02-2010,421642.19,0,47.07,2.514,214.6198868,7.368
3,26-02-2010,407204.86,0,52.05,2.561,214.6475127,7.368
3,05-03-2010,415202.04,0,53.04,2.625,214.6751386,7.368
3,12-03-2010,384200.69,0,63.08,2.667,214.7027646,7.368
3,19-03-2010,375328.59,0,60.42,2.72,214.5301219,7.368
3,26-03-2010,359949.27,0,57.06,2.732,214.3241011,7.368
3,02-04-2010,423294.4,0,65.56,2.719,214.1180803,7.343
3,09-04-2010,415870.28,0,68,2.77,213.9120595,7.343
3,16-04-2010,354993.26,0,66.98,2.808,213.7726889,7.343
3,23-04-2010,339976.65,0,67.87,2.795,213.7221852,7.343
3,30-04-2010,361248.39,0,70.24,2.78,213.6716815,7.343
3,07-05-2010,399323.86,0,73.47,2.835,213.6211778,7.343
3,14-05-2010,384357.94,0,77.18,2.854,213.6196139,7.343
3,21-05-2010,343763.17,0,75.81,2.826,213.9116886,7.343
3,28-05-2010,350089.23,0,78.6,2.759,214.2037634,7.343
3,04-06-2010,396968.8,0,78.53,2.705,214.4958382,7.343
3,11-06-2010,355017.09,0,82.1,2.668,214.787913,7.343
3,18-06-2010,364076.85,0,83.52,2.637,214.7858259,7.343
3,25-06-2010,357346.48,0,83.79,2.653,214.6660741,7.343
3,02-07-2010,381151.72,0,82.2,2.669,214.5463222,7.346
3,09-07-2010,349214.18,0,81.75,2.642,214.4265704,7.346
3,16-07-2010,352728.78,0,84.32,2.623,214.4176476,7.346
3,23-07-2010,352864.49,0,83.32,2.608,214.5564968,7.346
3,30-07-2010,347955.05,0,82.04,2.64,214.695346,7.346
3,06-08-2010,402635.76,0,85.13,2.627,214.8341952,7.346
3,13-08-2010,339597.38,0,86.74,2.692,214.9730444,7.346
3,20-08-2010,351728.21,0,88.02,2.664,214.9314191,7.346
3,27-08-2010,362134.09,0,86.15,2.619,214.8897938,7.346
3,03-09-2010,366473.97,0,84.16,2.577,214.8481685,7.346
3,10-09-2010,352260.97,1,80.84,2.565,214.8065431,7.346
3,17-09-2010,363064.64,0,82.36,2.582,214.8322484,7.346
3,24-09-2010,355626.87,0,76.9,2.624,214.9084516,7.346
3,01-10-2010,358784.1,0,73.6,2.603,214.9846548,7.564
3,08-10-2010,395107.35,0,66.99,2.633,215.060858,7.564
3,15-10-2010,345584.39,0,69.71,2.72,215.1293114,7.564
3,22-10-2010,348895.98,0,71.64,2.725,215.17839,7.564
3,29-10-2010,348591.74,0,72.04,2.716,215.2274686,7.564
3,05-11-2010,423175.56,0,62.94,2.689,215.2765472,7.564
3,12-11-2010,386635.03,0,62.79,2.728,215.3256258,7.564
3,19-11-2010,372545.32,0,57.72,2.771,215.2074519,7.564
3,26-11-2010,565567.84,1,68.71,2.735,215.0614025,7.564
3,03-12-2010,476420.77,0,53.76,2.708,214.9153531,7.564
3,10-12-2010,467642.03,0,51.13,2.843,214.7693037,7.564
3,17-12-2010,498159.39,0,52.2,2.869,214.704919,7.564
3,24-12-2010,605990.41,0,57.16,2.886,214.7017828,7.564
3,31-12-2010,382677.76,1,53.2,2.943,214.6986466,7.564
3,07-01-2011,378241.34,0,53.35,2.976,214.6955104,7.551
3,14-01-2011,381061.1,0,44.76,2.983,214.7470729,7.551
3,21-01-2011,350876.7,0,50.74,3.016,215.1268275,7.551
3,28-01-2011,364866.24,0,48.71,3.01,215.5065821,7.551
3,04-02-2011,438516.53,0,45.95,2.989,215.8863367,7.551
3,11-02-2011,430526.21,1,43.57,3.022,216.2660913,7.551
3,18-02-2011,432782.1,0,61.58,3.045,216.5843571,7.551
3,25-02-2011,397211.19,0,67.4,3.065,216.8780275,7.551
3,04-03-2011,437084.51,0,65.11,3.288,217.1716979,7.551
3,11-03-2011,404753.3,0,61.29,3.459,217.4653683,7.551
3,18-03-2011,392109.51,0,69.47,3.488,217.7235226,7.551
3,25-03-2011,380683.67,0,72.94,3.473,217.9674705,7.551
3,01-04-2011,374556.08,0,68.76,3.524,218.2114184,7.574
3,08-04-2011,384075.31,0,72.55,3.622,218.4553663,7.574
3,15-04-2011,366250.69,0,75.88,3.743,218.6788642,7.574
3,22-04-2011,391860.04,0,76.91,3.807,218.851237,7.574
3,29-04-2011,367405.4,0,78.69,3.81,219.0236099,7.574
3,06-05-2011,413042.12,0,69.45,3.906,219.1959827,7.574
3,13-05-2011,386312.68,0,79.87,3.899,219.3683556,7.574
3,20-05-2011,364603.13,0,75.79,3.907,219.127216,7.574
3,27-05-2011,369350.6,0,84.41,3.786,218.8860765,7.574
3,03-06-2011,394507.84,0,84.29,3.699,218.6449369,7.574
3,10-06-2011,391638.75,0,84.84,3.648,218.4037974,7.574
3,17-06-2011,403423.34,0,86.96,3.637,218.3551748,7.574
3,24-06-2011,385520.71,0,84.94,3.594,218.45094,7.574
3,01-07-2011,368962.72,0,85.1,3.524,218.5467052,7.567
3,08-07-2011,395146.24,0,85.38,3.48,218.6424704,7.567
3,15-07-2011,373454.33,0,87.14,3.575,218.7275216,7.567
3,22-07-2011,360617.37,0,86.19,3.651,218.7857881,7.567
3,29-07-2011,345381.29,0,88.07,3.682,218.8440545,7.567
3,05-08-2011,409981.25,0,88.45,3.684,218.9023209,7.567
3,12-08-2011,380376.85,0,88.88,3.638,218.9605873,7.567
3,19-08-2011,379716.91,0,88.44,3.554,219.023271,7.567
3,26-08-2011,366367.55,0,87.67,3.523,219.0866908,7.567
3,02-09-2011,375988.69,0,89.12,3.533,219.1501106,7.567
3,09-09-2011,377347.49,1,81.72,3.546,219.2135305,7.567
3,16-09-2011,375629.51,0,83.63,3.526,219.3972867,7.567
3,23-09-2011,365248.94,0,80.19,3.467,219.7414914,7.567
3,30-09-2011,368477.93,0,82.58,3.355,220.085696,7.567
3,07-10-2011,403342.4,0,75.54,3.285,220.4299007,7.197
3,14-10-2011,368282.57,0,73.75,3.274,220.7486167,7.197
3,21-10-2011,394976.36,0,69.03,3.353,220.9144005,7.197
3,28-10-2011,389540.62,0,71.04,3.372,221.0801842,7.197
3,04-11-2011,459443.22,0,59.31,3.332,221.245968,7.197
3,11-11-2011,407764.25,0,61.7,3.297,221.4117517,7.197
3,18-11-2011,398838.97,0,63.91,3.308,221.6432852,7.197
3,25-11-2011,556925.19,1,68,3.236,221.9011185,7.197
3,02-12-2011,472511.32,0,54.97,3.172,222.1589519,7.197
3,09-12-2011,468772.8,0,49.26,3.158,222.4167852,7.197
3,16-12-2011,510747.62,0,57.95,3.159,222.6426418,7.197
3,23-12-2011,551221.21,0,53.41,3.112,222.8258628,7.197
3,30-12-2011,410553.88,1,48.29,3.129,223.0090839,7.197
3,06-01-2012,398178.21,0,52.42,3.157,223.1923049,6.833
3,13-01-2012,367438.62,0,51.86,3.261,223.3755259,6.833
3,20-01-2012,365818.61,0,56.2,3.268,223.4700552,6.833
3,27-01-2012,349518.1,0,58.06,3.29,223.5645845,6.833
3,03-02-2012,424960.66,0,59.33,3.36,223.6591137,6.833
3,10-02-2012,473292.47,1,51.65,3.409,223.753643,6.833
3,17-02-2012,475591.08,0,52.39,3.51,223.9170153,6.833
3,24-02-2012,418925.47,0,60.12,3.555,224.1320199,6.833
3,02-03-2012,469752.56,0,61.65,3.63,224.3470245,6.833
3,09-03-2012,445162.05,0,60.71,3.669,224.5620291,6.833
3,16-03-2012,411775.8,0,64,3.734,224.7166953,6.833
3,23-03-2012,413907.25,0,66.53,3.787,224.7909104,6.833
3,30-03-2012,407488.84,0,69.36,3.845,224.8651254,6.833
3,06-04-2012,503232.13,0,73.01,3.891,224.9393405,6.664
3,13-04-2012,420789.74,0,72.83,3.891,225.0135556,6.664
3,20-04-2012,434822.13,0,72.05,3.877,225.0689541,6.664
3,27-04-2012,394616.11,0,73.39,3.814,225.1243526,6.664
3,04-05-2012,439913.57,0,79.51,3.749,225.1797511,6.664
3,11-05-2012,431985.36,0,75.19,3.688,225.2351496,6.664
3,18-05-2012,418112.76,0,72.38,3.63,225.2512024,6.664
3,25-05-2012,413701.29,0,78.58,3.561,225.2515168,6.664
3,01-06-2012,432268.53,0,81.55,3.501,225.2518313,6.664
3,08-06-2012,446336.8,0,81.65,3.452,225.2521458,6.664
3,15-06-2012,442074.79,0,84.66,3.393,225.2644795,6.664
3,22-06-2012,419497.95,0,82.7,3.346,225.3068615,6.664
3,29-06-2012,422965.33,0,86.42,3.286,225.3492435,6.664
3,06-07-2012,411206.5,0,83.14,3.227,225.3916254,6.334
3,13-07-2012,416913.1,0,82.28,3.256,225.4340074,6.334
3,20-07-2012,432424.85,0,81.38,3.311,225.4438827,6.334
3,27-07-2012,389427.9,0,84.94,3.407,225.4537579,6.334
3,03-08-2012,419990.29,0,86.55,3.417,225.4636332,6.334
3,10-08-2012,391811.6,0,85.85,3.494,225.4735085,6.334
3,17-08-2012,394918.83,0,87.36,3.571,225.5558664,6.334
3,24-08-2012,412449.67,0,83.01,3.62,225.6925864,6.334
3,31-08-2012,408838.73,0,85.18,3.638,225.8293063,6.334
3,07-09-2012,408229.73,1,84.99,3.73,225.9660263,6.334
3,14-09-2012,407589.16,0,78.36,3.717,226.1122067,6.334
3,21-09-2012,414392.09,0,72.78,3.721,226.3151496,6.334
3,28-09-2012,389813.02,0,77.46,3.666,226.5180926,6.334
3,05-10-2012,443557.65,0,72.74,3.617,226.7210356,6.034
3,12-10-2012,410804.39,0,70.31,3.601,226.9239785,6.034
3,19-10-2012,424513.08,0,73.44,3.594,226.9688442,6.034
3,26-10-2012,405432.7,0,74.66,3.506,226.9873637,6.034
4,05-02-2010,2135143.87,0,43.76,2.598,126.4420645,8.623
4,12-02-2010,2188307.39,1,28.84,2.573,126.4962581,8.623
4,19-02-2010,2049860.26,0,36.45,2.54,126.5262857,8.623
4,26-02-2010,1925728.84,0,41.36,2.59,126.5522857,8.623
4,05-03-2010,1971057.44,0,43.49,2.654,126.5782857,8.623
4,12-03-2010,1894324.09,0,49.63,2.704,126.6042857,8.623
4,19-03-2010,1897429.36,0,55.19,2.743,126.6066452,8.623
4,26-03-2010,1762539.3,0,39.91,2.752,126.6050645,8.623
4,02-04-2010,1979247.12,0,48.77,2.74,126.6034839,7.896
4,09-04-2010,1818452.72,0,54.16,2.773,126.6019032,7.896
4,16-04-2010,1851519.69,0,56.23,2.81,126.5621,7.896
4,23-04-2010,1802677.9,0,56.87,2.805,126.4713333,7.896
4,30-04-2010,1817273.28,0,53.04,2.787,126.3805667,7.896
4,07-05-2010,2000626.14,0,56.77,2.836,126.2898,7.896
4,14-05-2010,1875597.28,0,62.35,2.845,126.2085484,7.896
4,21-05-2010,1903752.6,0,67.4,2.82,126.1843871,7.896
4,28-05-2010,1857533.7,0,67.73,2.756,126.1602258,7.896
4,04-06-2010,1903290.58,0,70.83,2.701,126.1360645,7.896
4,11-06-2010,1870619.23,0,78.45,2.668,126.1119032,7.896
4,18-06-2010,1929736.35,0,81.53,2.635,126.114,7.896
4,25-06-2010,1846651.95,0,81.1,2.654,126.1266,7.896
4,02-07-2010,1881337.21,0,73.66,2.668,126.1392,7.372
4,09-07-2010,1812208.22,0,80.35,2.637,126.1518,7.372
4,16-07-2010,1898427.66,0,78.53,2.621,126.1498065,7.372
4,23-07-2010,1848426.78,0,79.78,2.612,126.1283548,7.372
4,30-07-2010,1796637.61,0,80.7,2.65,126.1069032,7.372
4,06-08-2010,1907638.58,0,76.53,2.64,126.0854516,7.372
4,13-08-2010,2007050.75,0,78.08,2.698,126.064,7.372
4,20-08-2010,1997181.09,0,78.83,2.671,126.0766452,7.372
4,27-08-2010,1848403.92,0,74.44,2.621,126.0892903,7.372
4,03-09-2010,1935857.58,0,76.8,2.584,126.1019355,7.372
4,10-09-2010,1865820.81,1,73.54,2.574,126.1145806,7.372
4,17-09-2010,1899959.61,0,64.91,2.594,126.1454667,7.372
4,24-09-2010,1810684.68,0,60.96,2.642,126.1900333,7.372
4,01-10-2010,1842821.02,0,63.96,2.619,126.2346,7.127
4,08-10-2010,1951494.85,0,67.73,2.645,126.2791667,7.127
4,15-10-2010,1867345.09,0,62.03,2.732,126.3266774,7.127
4,22-10-2010,1927610.06,0,64.17,2.736,126.3815484,7.127
4,29-10-2010,1933333,0,56.94,2.718,126.4364194,7.127
4,05-11-2010,2013115.79,0,51.6,2.699,126.4912903,7.127
4,12-11-2010,1999794.26,0,52.65,2.741,126.5461613,7.127
4,19-11-2010,2097809.4,0,48.05,2.78,126.6072,7.127
4,26-11-2010,2789469.45,1,48.08,2.752,126.6692667,7.127
4,03-12-2010,2102530.17,0,46.4,2.727,126.7313333,7.127
4,10-12-2010,2302504.86,0,42.4,2.86,126.7934,7.127
4,17-12-2010,2740057.14,0,46.57,2.884,126.8794839,7.127
4,24-12-2010,3526713.39,0,43.21,2.887,126.9835806,7.127
4,31-12-2010,1794868.74,1,38.09,2.955,127.0876774,7.127
4,07-01-2011,1862476.27,0,39.34,2.98,127.1917742,6.51
4,14-01-2011,1865502.46,0,31.6,2.992,127.3009355,6.51
4,21-01-2011,1886393.94,0,38.34,3.017,127.4404839,6.51
4,28-01-2011,1814240.85,0,40.6,3.022,127.5800323,6.51
4,04-02-2011,2119086.04,0,34.61,2.996,127.7195806,6.51
4,11-02-2011,2187847.29,1,33.29,3.033,127.859129,6.51
4,18-02-2011,2316495.56,0,48.17,3.058,127.99525,6.51
4,25-02-2011,2078094.69,0,49,3.087,128.13,6.51
4,04-03-2011,2103455.75,0,46.56,3.305,128.26475,6.51
4,11-03-2011,2039818.41,0,50.93,3.461,128.3995,6.51
4,18-03-2011,2116475.38,0,51.86,3.495,128.5121935,6.51
4,25-03-2011,1944164.32,0,59.1,3.48,128.6160645,6.51
4,01-04-2011,1900246.47,0,56.99,3.521,128.7199355,5.946
4,08-04-2011,2074953.46,0,62.61,3.605,128.8238065,5.946
4,15-04-2011,1960587.76,0,62.34,3.724,128.9107333,5.946
4,22-04-2011,2220600.76,0,68.8,3.781,128.9553,5.946
4,29-04-2011,1878167.44,0,64.22,3.781,128.9998667,5.946
4,06-05-2011,2063682.76,0,63.41,3.866,129.0444333,5.946
4,13-05-2011,2002362.37,0,70.65,3.872,129.089,5.946
4,20-05-2011,2015563.48,0,70.49,3.881,129.0756774,5.946
4,27-05-2011,1986597.95,0,73.65,3.771,129.0623548,5.946
4,03-06-2011,2065377.15,0,78.26,3.683,129.0490323,5.946
4,10-06-2011,2073951.38,0,80.05,3.64,129.0357097,5.946
4,17-06-2011,2141210.62,0,83.51,3.618,129.0432,5.946
4,24-06-2011,2008344.92,0,81.85,3.57,129.0663,5.946
4,01-07-2011,2051533.53,0,84.54,3.504,129.0894,5.644
4,08-07-2011,2066541.86,0,84.59,3.469,129.1125,5.644
4,15-07-2011,2049046.95,0,83.27,3.563,129.1338387,5.644
4,22-07-2011,2036231.39,0,82.84,3.627,129.1507742,5.644
4,29-07-2011,1989674.07,0,84.36,3.659,129.1677097,5.644
4,05-08-2011,2160057.39,0,86.09,3.662,129.1846452,5.644
4,12-08-2011,2105668.74,0,82.98,3.617,129.2015806,5.644
4,19-08-2011,2232892.1,0,82.77,3.55,129.2405806,5.644
4,26-08-2011,1988490.21,0,81.47,3.523,129.2832581,5.644
4,02-09-2011,2078420.31,0,77.99,3.533,129.3259355,5.644
4,09-09-2011,2093139.01,1,73.34,3.554,129.3686129,5.644
4,16-09-2011,2075577.33,0,72.76,3.532,129.4306,5.644
4,23-09-2011,2031406.41,0,69.23,3.473,129.5183333,5.644
4,30-09-2011,1929486.63,0,72.15,3.371,129.6060667,5.644
4,07-10-2011,2166737.65,0,65.79,3.299,129.6938,5.143
4,14-10-2011,2074548.85,0,63.75,3.283,129.7706452,5.143
4,21-10-2011,2207742.13,0,64.79,3.361,129.7821613,5.143
4,28-10-2011,2151659.59,0,55.31,3.362,129.7936774,5.143
4,04-11-2011,2281217.31,0,49.86,3.322,129.8051935,5.143
4,11-11-2011,2203028.96,0,47.12,3.286,129.8167097,5.143
4,18-11-2011,2243946.59,0,50.44,3.294,129.8268333,5.143
4,25-11-2011,3004702.33,1,47.96,3.225,129.8364,5.143
4,02-12-2011,2180999.26,0,38.71,3.176,129.8459667,5.143
4,09-12-2011,2508955.24,0,31.64,3.153,129.8555333,5.143
4,16-12-2011,2771397.17,0,36.44,3.149,129.8980645,5.143
4,23-12-2011,3676388.98,0,35.92,3.103,129.9845484,5.143
4,30-12-2011,2007105.86,1,36.89,3.119,130.0710323,5.143
4,06-01-2012,2047766.07,0,38.64,3.158,130.1575161,4.607
4,13-01-2012,1941676.61,0,34.41,3.263,130.244,4.607
4,20-01-2012,2005097.76,0,42.09,3.273,130.2792258,4.607
4,27-01-2012,1928720.51,0,40.31,3.29,130.3144516,4.607
4,03-02-2012,2173373.91,0,41.81,3.354,130.3496774,4.607
4,10-02-2012,2374660.64,1,33,3.411,130.3849032,4.607
4,17-02-2012,2427640.17,0,34.19,3.493,130.4546207,4.607
4,24-02-2012,2226662.17,0,41.31,3.541,130.5502069,4.607
4,02-03-2012,2206319.9,0,50.38,3.619,130.6457931,4.607
4,09-03-2012,2202450.81,0,53.63,3.667,130.7413793,4.607
4,16-03-2012,2214967.44,0,59.81,3.707,130.8261935,4.607
4,23-03-2012,2091592.54,0,59.07,3.759,130.8966452,4.607
4,30-03-2012,2089381.77,0,72.63,3.82,130.9670968,4.607
4,06-04-2012,2470206.13,0,67.69,3.864,131.0375484,4.308
4,13-04-2012,2105301.39,0,68.69,3.881,131.108,4.308
4,20-04-2012,2144336.89,0,68.6,3.864,131.1173333,4.308
4,27-04-2012,2064065.66,0,76.47,3.81,131.1266667,4.308
4,04-05-2012,2196968.33,0,80.14,3.747,131.136,4.308
4,11-05-2012,2127661.17,0,67.64,3.685,131.1453333,4.308
4,18-05-2012,2207214.81,0,68.43,3.62,131.0983226,4.308
4,25-05-2012,2154137.67,0,77.47,3.551,131.0287742,4.308
4,01-06-2012,2179360.94,0,77.41,3.483,130.9592258,4.308
4,08-06-2012,2245257.18,0,78.11,3.433,130.8896774,4.308
4,15-06-2012,2234190.93,0,80.94,3.372,130.8295333,4.308
4,22-06-2012,2197299.65,0,81.63,3.329,130.7929,4.308
4,29-06-2012,2128362.92,0,84.23,3.257,130.7562667,4.308
4,06-07-2012,2224499.28,0,80.37,3.187,130.7196333,4.077
4,13-07-2012,2100252.61,0,76.86,3.224,130.683,4.077
4,20-07-2012,2175563.69,0,79.14,3.263,130.7012903,4.077
4,27-07-2012,2048613.65,0,81.06,3.356,130.7195806,4.077
4,03-08-2012,2174514.13,0,83.86,3.374,130.737871,4.077
4,10-08-2012,2193367.69,0,83.21,3.476,130.7561613,4.077
4,17-08-2012,2283540.3,0,81.41,3.552,130.7909677,4.077
4,24-08-2012,2125241.68,0,75.76,3.61,130.8381613,4.077
4,31-08-2012,2081181.35,0,76.47,3.646,130.8853548,4.077
4,07-09-2012,2125104.72,1,82.09,3.709,130.9325484,4.077
4,14-09-2012,2117854.6,0,68.2,3.706,130.9776667,4.077
4,21-09-2012,2119438.53,0,68.97,3.721,131.0103333,4.077
4,28-09-2012,2027620.23,0,71.74,3.666,131.043,4.077
4,05-10-2012,2209835.43,0,63.07,3.62,131.0756667,3.879
4,12-10-2012,2133026.07,0,57.11,3.603,131.1083333,3.879
4,19-10-2012,2097266.85,0,64.46,3.61,131.1499677,3.879
4,26-10-2012,2149594.46,0,63.64,3.514,131.1930968,3.879
